Title,Year,Duration,Rating,Gross,Genre
Avatar,2009,162 min,7.9,$760.51M,"Action, Adventure, Fantasy"
Avengers: Endgame,2019,181 min,8.4,$858.37M,"Action, Adventure, Drama"
Titanic,1997,194 min,7.9,$659.33M,"Drama, Romance"
Star Wars: Episode VII - The Force Awakens,2015,138 min,7.8,$936.66M,"Action, Adventure, Sci-Fi"
Avengers: Infinity War,2018,149 min,8.4,$678.82M,"Action, Adventure, Sci-Fi"
Spider-Man: No Way Home,2021,148 min,8.2,$804.75M,"Action, Adventure, Fantasy"
Jurassic World,2015,124 min,6.9,$652.27M,"Action, Adventure, Sci-Fi"
The Lion King(2019),2019,118 min,6.8,$543.64M,"Animation, Adventure, Drama"
The Avengers,2012,143 min,8,$623.28M,"Action, Sci-Fi"
Avatar: The Way of Water,2022,192 min,7.7,$659.68M,"Action, Adventure, Fantasy"
Fast & Furious 7,2015,137 min,7.1,$353.01M,"Action, Crime, Thriller"
Top Gun: Maverick,2022,130 min,8.3,$718.73M,"Action, Drama"
Frozen II,2019,103 min,6.8,$477.37M,"Animation, Adventure, Comedy"
Avengers: Age of Ultron,2015,141 min,7.3,$459.01M,"Action, Adventure, Sci-Fi"
Black Panther,2018,134 min,7.3,$700.06M,"Action, Adventure, Sci-Fi"
Harry Potter and the Deathly Hallows: Part 2,2011,130 min,8.1,$381.01M,"Adventure, Family, Fantasy"
Star Wars: Episode VIII - The Last Jedi,2017,152 min,6.9,$620.18M,"Action, Adventure, Fantasy"
Jurassic World: Fallen Kingdom,2018,128 min,6.1,$417.72M,"Action, Adventure, Sci-Fi"
Frozen,2013,102 min,7.4,$400.74M,"Animation, Adventure, Comedy"
Beauty and the Beast,2017,129 min,7.1,$504.01M,"Adventure, Family, Fantasy"
Incredibles 2,2018,118 min,7.6,$608.58M,"Animation, Action, Adventure"
The Fate of the Furious,2017,136 min,6.6,$226.01M,"Action, Crime, Thriller"
Iron Man Three,2013,130 min,7.1,$409.01M,"Action, Adventure, Sci-Fi"
Minions,2015,91 min,6.4,$336.05M,"Animation, Adventure, Comedy"
Captain America: Civil War,2016,147 min,7.8,$408.08M,"Action, Sci-Fi"
Aquaman,2018,143 min,6.8,$335.06M,"Action, Adventure, Fantasy"
The Lord of the Rings: The Return of the King,2003,201 min,9,$377.85M,"Action, Adventure, Drama"
Spider-Man: Far from Home,2019,129 min,7.4,$390.53M,"Action, Adventure, Comedy"
Captain Marvel,2019,123 min,6.8,$426.83M,"Action, Adventure, Sci-Fi"
Transformers: Dark of the Moon,2011,154 min,6.2,$352.39M,"Action, Adventure, Sci-Fi"
Jurassic Park,1993,127 min,8.2,$402.45M,"Action, Adventure, Sci-Fi"
Skyfall,2012,143 min,7.8,$304.36M,"Action, Adventure, Thriller"
Transformers: Age of Extinction,2014,165 min,5.6,$245.44M,"Action, Adventure, Sci-Fi"
The Dark Knight Rises,2012,164 min,8.4,$448.14M,"Action, Drama, Thriller"
Joker,2019,122 min,8.4,$335.45M,"Crime, Drama, Thriller"
Star Wars: Episode IX - The Rise of Skywalker,2019,141 min,6.5,$515.20M,"Action, Adventure, Fantasy"
Toy Story 4,2019,100 min,7.7,$434.04M,"Animation, Adventure, Comedy"
Toy Story 3,2010,103 min,8.3,$415.00M,"Animation, Adventure, Comedy"
Pirates of the Caribbean: Dead Man's Chest,2006,151 min,7.3,$423.32M,"Action, Adventure, Fantasy"
Rogue One,2016,133 min,7.8,$532.18M,"Action, Adventure, Sci-Fi"
Aladdin,2019,128 min,6.9,$355.56M,"Adventure, Comedy, Family"
Pirates of the Caribbean: On Stranger Tides,2011,137 min,6.6,$241.06M,"Action, Adventure, Fantasy"
Despicable Me 3,2017,89 min,6.2,$264.62M,"Animation, Adventure, Comedy"
Finding Dory,2016,97 min,7.3,$486.30M,"Animation, Adventure, Comedy"
Star Wars: Episode I - The Phantom Menace,1999,136 min,6.5,$474.54M,"Action, Adventure, Fantasy"
Alice in Wonderland,2010,108 min,6.4,$334.19M,"Adventure, Family, Fantasy"
Zootopia,2016,108 min,8,$341.27M,"Animation, Adventure, Comedy"
Harry Potter and the Sorcerer's Stone,2001,152 min,7.6,$317.58M,"Adventure, Family, Fantasy"
The Hobbit: An Unexpected Journey,2012,169 min,7.8,$303.00M,"Adventure, Fantasy"
The Dark Knight,2008,152 min,9,$534.86M,"Action, Crime, Drama"
Jurassic World: Dominion,2022,147 min,5.6,$376.85M,"Action, Adventure, Sci-Fi"
Jumanji: Welcome to the Jungle,2017,119 min,6.9,$404.52M,"Action, Adventure, Comedy"
Harry Potter and the Deathly Hallows: Part 1,2010,146 min,7.7,$295.98M,"Adventure, Family, Fantasy"
Despicable Me 2,2013,98 min,7.3,$368.06M,"Animation, Adventure, Comedy"
The Lion King(1994),1994,88 min,8.5,$422.78M,"Animation, Adventure, Drama"
The Jungle Book,2016,106 min,7.4,$364.00M,"Adventure, Drama, Family"
The Hobbit: The Battle of the Five Armies,2014,144 min,7.4,$255.12M,"Adventure, Fantasy"
Pirates of the Caribbean: At World's End,2007,169 min,7.1,$309.42M,"Action, Adventure, Fantasy"
The Hobbit: The Desolation of Smaug,2013,161 min,7.8,$258.37M,Fantasy
Doctor Strange in the Multiverse of Madness,2022,126 min,6.9,$411.33M,"Action, Adventure, Fantasy"
The Lord of the Rings: The Two Towers,2002,179 min,8.8,$342.55M,"Action, Adventure, Drama"
Harry Potter and the Order of the Phoenix,2007,138 min,7.5,$292.00M,"Action, Adventure, Family"
Finding Nemo,2003,100 min,8.2,$380.84M,"Animation, Adventure, Comedy"
Minions: The Rise of Gru,2022,87 min,6.5,$369.70M,"Animation, Adventure, Comedy"
Harry Potter and the Half-Blood Prince,2009,153 min,7.6,$301.96M,"Action, Adventure, Family"
Shrek 2,2004,93 min,7.3,$436.47M,"Animation, Adventure, Comedy"
Harry Potter and the Chamber of Secrets,2002,161 min,7.4,$261.99M,"Adventure, Family, Fantasy"
Bohemian Rhapsody,2018,134 min,7.9,$216.43M,"Biography, Drama, Music"
Chang jin hu,2021,176 min,5.4,$0.34M,"Action, Drama, History"
The Lord of the Rings: The Fellowship of the Ring,2001,178 min,8.8,$315.54M,"Action, Adventure, Drama"
Harry Potter and the Goblet of Fire,2005,157 min,7.7,$290.01M,"Adventure, Family, Fantasy"
Spider-Man 3,2007,139 min,6.3,$336.53M,"Action, Adventure, Sci-Fi"
The Secret Life of Pets,2016,87 min,6.5,$368.38M,"Animation, Adventure, Comedy"
Ice Age: Dawn of the Dinosaurs,2009,94 min,6.9,$196.57M,"Animation, Adventure, Comedy"
Spectre,2015,148 min,6.8,$200.07M,"Action, Adventure, Thriller"
Spider-Man: Homecoming,2017,133 min,7.4,$334.20M,"Action, Adventure, Sci-Fi"
Ice Age: Continental Drift,2012,88 min,6.5,$161.32M,"Animation, Adventure, Comedy"
Batman v Superman: Dawn of Justice,2016,151 min,6.4,$330.36M,"Action, Adventure, Sci-Fi"
Zhan lang II,2017,123 min,5.9,$2.72M,"Action, Adventure, Drama"
Star Wars: Episode III - Revenge of the Sith,2005,140 min,7.6,$380.26M,"Action, Adventure, Fantasy"
The Hunger Games: Catching Fire,2013,146 min,7.5,$424.67M,"Action, Adventure, Sci-Fi"
Guardians of the Galaxy Vol. 2,2017,136 min,7.6,$389.81M,"Action, Adventure, Comedy"
Inside Out,2015,95 min,8.1,$356.46M,"Animation, Adventure, Comedy"
Venom,2018,112 min,6.6,$213.52M,"Action, Adventure, Sci-Fi"
Thor: Ragnarok,2017,130 min,7.9,$315.06M,"Action, Adventure, Comedy"
The Twilight Saga: Breaking Dawn - Part 2,2012,115 min,5.5,$292.30M,"Adventure, Drama, Fantasy"
Inception,2010,148 min,8.8,$292.58M,"Action, Adventure, Sci-Fi"
Transformers: Revenge of the Fallen,2009,149 min,5.9,$402.11M,"Action, Adventure, Sci-Fi"
Spider-Man,2002,121 min,7.4,$403.71M,"Action, Adventure, Sci-Fi"
Black Panther: Wakanda Forever,2022,161 min,6.7,$453.72M,"Action, Adventure, Drama"
Wonder Woman,2017,141 min,7.4,$412.56M,"Action, Adventure, Fantasy"
"Ni hao, Li Huanying",2021,128 min,7,,"Comedy, Romance"
Independence Day,1996,145 min,7,$306.17M,"Action, Adventure, Sci-Fi"
Fantastic Beasts and Where to Find Them,2016,132 min,7.2,$234.04M,"Adventure, Family, Fantasy"
Shrek the Third,2007,93 min,6.1,$320.71M,"Animation, Adventure, Comedy"
Coco,2017,105 min,8.4,$209.73M,"Animation, Adventure, Comedy"
Jumanji: The Next Level,2019,123 min,6.7,$316.83M,"Action, Adventure, Comedy"
Harry Potter and the Prisoner of Azkaban,2004,142 min,7.9,$249.36M,"Adventure, Family, Fantasy"
Pirates of the Caribbean: Dead Men Tell No Tales,2017,129 min,6.5,$172.56M,"Action, Adventure, Fantasy"
E.T. the Extra-Terrestrial,1982,115 min,7.9,$435.11M,"Adventure, Family, Sci-Fi"
Mission: Impossible - Fallout,2018,147 min,7.7,$220.16M,"Action, Adventure, Thriller"
2012,2009,158 min,5.8,$166.11M,"Action, Adventure, Sci-Fi"
Indiana Jones and the Kingdom of the Crystal Skull,2008,122 min,6.2,$317.10M,"Action, Adventure"
Spider-Man 2,2004,127 min,7.4,$373.59M,"Action, Adventure, Sci-Fi"
Furious 6,2013,130 min,7,$238.68M,"Action, Adventure, Crime"
Deadpool 2,2018,119 min,7.6,$324.59M,"Action, Adventure, Comedy"
Deadpool,2016,108 min,8,$363.07M,"Action, Comedy"
Star Wars,1977,121 min,8.6,$322.74M,"Action, Adventure, Fantasy"
No Time to Die,2021,163 min,7.3,$160.87M,"Action, Adventure, Thriller"
Interstellar,2014,169 min,8.6,$188.02M,"Adventure, Drama, Sci-Fi"
Guardians of the Galaxy,2014,121 min,8,$333.18M,"Action, Adventure, Comedy"
The Batman,2022,176 min,7.8,$369.35M,"Action, Crime, Drama"
Thor: Love and Thunder,2022,118 min,6.2,$343.26M,"Action, Adventure, Comedy"
Fast & Furious Presents: Hobbs & Shaw,2019,137 min,6.5,$173.96M,"Action, Adventure, Thriller"
The Da Vinci Code,2006,149 min,6.6,$217.54M,"Mystery, Thriller"
Maleficent,2014,97 min,6.9,$241.41M,"Adventure, Family, Fantasy"
The Amazing Spider-Man,2012,136 min,6.9,$262.03M,"Action, Adventure, Sci-Fi"
The Hunger Games: Mockingjay - Part 1,2014,123 min,6.6,$337.14M,"Action, Adventure, Sci-Fi"
Shrek Forever After,2010,95 min,6.3,$238.37M,"Animation, Adventure, Comedy"
Gravity,2013,91 min,7.7,$274.09M,"Drama, Sci-Fi, Thriller"
Madagascar 3: Europe's Most Wanted,2012,95 min,6.8,$216.39M,"Animation, Adventure, Comedy"
Suicide Squad,2016,123 min,5.9,$325.10M,"Action, Adventure, Fantasy"
X-Men: Days of Future Past,2014,132 min,7.9,$233.92M,"Action, Adventure, Sci-Fi"
"The Chronicles of Narnia: The Lion, the Witch and the Wardrobe",2005,143 min,6.9,$291.71M,"Adventure, Family, Fantasy"
Monsters University,2013,104 min,7.2,$268.49M,"Animation, Adventure, Comedy"
The Matrix Reloaded,2003,138 min,7.2,$281.49M,"Action, Sci-Fi"
Up,2009,96 min,8.3,$293.00M,"Animation, Adventure, Comedy"
Ne Zha zhi mo tong jiang shi,2019,110 min,7.4,$3.70M,"Animation, Action, Adventure"
F9,2021,143 min,5.2,$173.20M,"Action, Crime, Thriller"
Captain America: The Winter Soldier,2014,136 min,7.8,$259.77M,"Action, Adventure, Sci-Fi"
The Twilight Saga: Breaking Dawn - Part 1,2011,117 min,4.9,$281.29M,"Adventure, Drama, Fantasy"
The Twilight Saga: New Moon,2009,130 min,4.7,$296.62M,"Adventure, Drama, Fantasy"
Dawn of the Planet of the Apes,2014,130 min,7.6,$208.55M,"Action, Adventure, Drama"
Transformers,2007,144 min,7,$319.25M,"Action, Adventure, Sci-Fi"
The Amazing Spider-Man 2,2014,142 min,6.6,$202.85M,"Action, Adventure, Sci-Fi"
It,2017,135 min,7.3,$327.48M,Horror
Liu lang di qiu,2019,125 min,5.9,$5.88M,"Action, Adventure, Sci-Fi"
The Twilight Saga: Eclipse,2010,124 min,5,$300.53M,"Action, Adventure, Drama"
Mission: Impossible - Ghost Protocol,2011,132 min,7.4,$209.40M,"Action, Adventure, Thriller"
Mamma Mia!,2008,108 min,6.5,$144.13M,"Comedy, Musical, Romance"
The Hunger Games,2012,142 min,7.2,$408.01M,"Action, Adventure, Sci-Fi"
Tang ren jie tan an 3,2021,136 min,5.6,,"Action, Adventure, Comedy"
Mission: Impossible - Rogue Nation,2015,131 min,7.4,$195.04M,"Action, Adventure, Thriller"
Forrest Gump,1994,142 min,8.8,$330.25M,"Drama, Romance"
Doctor Strange,2016,115 min,7.5,$232.64M,"Action, Adventure, Fantasy"
The Sixth Sense,1999,107 min,8.2,$293.51M,"Drama, Mystery, Thriller"
Man of Steel,2013,143 min,7.1,$291.05M,"Action, Adventure, Sci-Fi"
Ice Age: The Meltdown,2006,91 min,6.8,$195.33M,"Animation, Adventure, Comedy"
Kung Fu Panda 2,2011,90 min,7.2,$165.25M,"Animation, Action, Adventure"
Moana,2016,107 min,7.6,$248.76M,"Animation, Adventure, Comedy"
Justice League,2017,120 min,6.1,$229.02M,"Action, Adventure, Fantasy"
Big Hero 6,2014,102 min,7.8,$222.53M,"Animation, Action, Adventure"
Fantastic Beasts: The Crimes of Grindelwald,2018,134 min,6.5,$159.56M,"Adventure, Family, Fantasy"
Pirates of the Caribbean: The Curse of the Black Pearl,2003,143 min,8.1,$305.41M,"Action, Adventure, Fantasy"
Men in Black 3,2012,106 min,6.8,$179.02M,"Action, Adventure, Comedy"
Star Wars: Episode II - Attack of the Clones,2002,142 min,6.6,$310.68M,"Action, Adventure, Fantasy"
The Hunger Games: Mockingjay - Part 2,2015,137 min,6.5,$281.72M,"Action, Adventure, Sci-Fi"
Thor: The Dark World,2013,112 min,6.8,$206.36M,"Action, Adventure, Fantasy"
Sing,2016,108 min,7.1,$270.40M,"Animation, Comedy, Family"
Kung Fu Panda,2008,92 min,7.6,$215.43M,"Animation, Action, Adventure"
The Incredibles,2004,115 min,8,$261.44M,"Animation, Action, Adventure"
The Martian,2015,144 min,8,$228.43M,"Adventure, Drama, Sci-Fi"
Hancock,2008,92 min,6.4,$227.95M,"Action, Comedy, Drama"
Chang jin hu zhi shui men qiao,2022,153 min,5.5,$0.12M,"Action, Drama, History"
Fast Five,2011,130 min,7.3,$209.84M,"Action, Crime, Thriller"
Iron Man 2,2010,124 min,6.9,$312.43M,"Action, Sci-Fi"
Ratatouille,2007,111 min,8.1,$206.45M,"Animation, Adventure, Comedy"
Ant-Man and the Wasp,2018,118 min,7,$216.65M,"Action, Adventure, Comedy"
How to Train Your Dragon 2,2014,102 min,7.8,$177.00M,"Animation, Action, Adventure"
Logan,2017,137 min,8.1,$226.28M,"Action, Drama, Sci-Fi"
The Lost World: Jurassic Park,1997,129 min,6.5,$229.09M,"Action, Adventure, Sci-Fi"
Casino Royale,2006,144 min,8,$167.45M,"Action, Adventure, Thriller"
The Passion of the Christ,2004,127 min,7.2,$370.78M,Drama
Life of Pi,2012,127 min,7.9,$124.99M,"Adventure, Drama, Fantasy"
Transformers: The Last Knight,2017,154 min,5.2,$130.17M,"Action, Adventure, Sci-Fi"
Madagascar: Escape 2 Africa,2008,89 min,6.6,$180.01M,"Animation, Adventure, Comedy"
War of the Worlds,2005,116 min,6.5,$234.28M,"Action, Adventure, Sci-Fi"
Tangled,2010,100 min,7.7,$200.82M,"Animation, Adventure, Comedy"
Ready Player One,2018,140 min,7.4,$137.69M,"Action, Adventure, Sci-Fi"
Quantum of Solace,2008,106 min,6.6,$168.37M,"Action, Adventure, Mystery"
Men in Black,1997,98 min,7.3,$250.69M,"Action, Adventure, Comedy"
The Croods,2013,98 min,7.2,$187.17M,"Animation, Action, Adventure"
The Hangover Part II,2011,102 min,6.5,$254.46M,Comedy
Iron Man,2008,126 min,7.9,$318.41M,"Action, Adventure, Sci-Fi"
I Am Legend,2007,101 min,7.2,$256.39M,"Action, Drama, Horror"
"Monsters, Inc.",2001,92 min,8.1,$289.92M,"Animation, Adventure, Comedy"
Hong hai xing dong,2018,142 min,6.6,$1.54M,"Action, Drama, Thriller"
Night at the Museum,2006,108 min,6.4,$250.86M,"Adventure, Comedy, Family"
Fifty Shades of Grey,2015,125 min,4.2,$166.17M,"Drama, Romance, Thriller"
Kong: Skull Island,2017,118 min,6.6,$168.05M,"Action, Adventure, Fantasy"
The Smurfs,2011,103 min,5.4,$142.61M,"Animation, Adventure, Comedy"
Cars 2,2011,106 min,6.2,$191.45M,"Animation, Adventure, Comedy"
King Kong,2005,187 min,7.2,$218.08M,"Action, Adventure, Drama"
Puss in Boots,2011,90 min,6.6,$149.26M,"Animation, Adventure, Comedy"
Mei ren yu,2016,94 min,6.2,$3.23M,"Comedy, Drama, Fantasy"
Armageddon,1998,151 min,6.7,$201.57M,"Action, Adventure, Sci-Fi"
The Day After Tomorrow,2004,124 min,6.4,$186.74M,"Action, Adventure, Sci-Fi"
Ted,2012,106 min,6.9,$218.82M,Comedy
American Sniper,2014,133 min,7.3,$350.13M,"Action, Biography, Drama"
Mission: Impossible II,2000,123 min,6.1,$215.41M,"Action, Adventure, Thriller"
Tang ren jie tan an 2,2018,121 min,6.1,$1.98M,"Action, Comedy, Mystery"
X-Men: Apocalypse,2016,144 min,6.9,$155.44M,"Action, Adventure, Sci-Fi"
Sherlock Holmes: A Game of Shadows,2011,129 min,7.4,$186.85M,"Action, Adventure, Mystery"
Despicable Me,2010,95 min,7.6,$251.51M,"Animation, Adventure, Comedy"
Cinderella,2015,105 min,6.9,$201.15M,"Adventure, Drama, Family"
Madagascar,2005,86 min,6.9,$193.60M,"Animation, Adventure, Comedy"
World War Z,2013,116 min,7,$202.36M,"Action, Adventure, Horror"
Brave,2012,93 min,7.1,$237.28M,"Animation, Adventure, Comedy"
The Empire Strikes Back,1980,124 min,8.7,$290.48M,"Action, Adventure, Fantasy"
The Simpsons Movie,2007,87 min,7.3,$183.14M,"Animation, Adventure, Comedy"
The Revenant,2015,156 min,8,$183.64M,"Action, Adventure, Drama"
The Meg,2018,113 min,5.6,$143.01M,"Action, Horror, Sci-Fi"
Ralph Breaks the Internet,2018,112 min,7,$201.09M,"Animation, Adventure, Comedy"
Hotel Transylvania 3: Summer Vacation,2018,97 min,6.3,$167.51M,"Animation, Adventure, Comedy"
The Boss Baby,2017,97 min,6.3,$175.00M,"Animation, Adventure, Comedy"
Dunkirk,2017,106 min,7.8,$188.37M,"Action, Drama, History"
The Grinch,2018,85 min,6.4,$270.62M,"Animation, Comedy, Family"
Godzilla,2014,123 min,6.4,$200.68M,"Action, Adventure, Sci-Fi"
How to Train Your Dragon: The Hidden World,2019,104 min,7.4,$160.80M,"Animation, Action, Adventure"
Sherlock Holmes,2009,128 min,7.6,$209.03M,"Action, Adventure, Mystery"
Meet the Fockers,2004,115 min,6.3,$279.26M,"Comedy, Romance"
WALL·E,2008,98 min,8.4,$223.81M,"Animation, Adventure, Family"
Kung Fu Panda 3,2016,95 min,7.1,$143.53M,"Animation, Action, Adventure"
Terminator 2: Judgment Day,1991,137 min,8.6,$204.84M,"Action, Sci-Fi"
Ant-Man,2015,117 min,7.3,$180.20M,"Action, Comedy, Sci-Fi"
Venom: Let There Be Carnage,2021,97 min,5.9,$213.55M,"Action, Sci-Fi, Thriller"
Ghost,1990,127 min,7.1,$217.63M,"Drama, Fantasy, Romance"
Aladdin,1992,90 min,8,$217.35M,"Animation, Adventure, Comedy"
Gladiator,2000,155 min,8.5,$187.71M,"Action, Adventure, Drama"
Rio 2,2014,101 min,6.3,$131.54M,"Animation, Adventure, Comedy"
Troy,2004,163 min,7.3,$133.38M,Drama
Toy Story 2,1999,92 min,7.9,$245.85M,"Animation, Adventure, Comedy"
How to Train Your Dragon,2010,98 min,8.1,$217.58M,"Animation, Action, Adventure"
Twister,1996,113 min,6.4,$241.72M,"Action, Adventure, Thriller"
Oz the Great and Powerful,2013,130 min,6.3,$234.91M,"Adventure, Family, Fantasy"
Clash of the Titans,2010,106 min,5.8,$163.21M,"Action, Adventure, Fantasy"
Maleficent: Mistress of Evil,2019,119 min,6.6,$113.93M,"Adventure, Family, Fantasy"
War for the Planet of the Apes,2017,140 min,7.4,$146.88M,"Action, Adventure, Drama"
Shrek,2001,90 min,7.9,$267.67M,"Animation, Adventure, Comedy"
Mr. & Mrs. Smith,2005,120 min,6.5,$186.34M,"Action, Comedy, Crime"
Angels & Demons,2009,138 min,6.7,$133.38M,"Action, Mystery, Thriller"
Teenage Mutant Ninja Turtles,2014,101 min,5.8,$191.20M,"Action, Adventure, Comedy"
Bruce Almighty,2003,101 min,6.8,$242.83M,"Comedy, Fantasy"
Rio,2011,96 min,6.9,$143.62M,"Animation, Adventure, Comedy"
Saving Private Ryan,1998,169 min,8.6,$216.54M,"Drama, War"
Rise of the Planet of the Apes,2011,105 min,7.6,$176.76M,"Action, Drama, Sci-Fi"
Home Alone,1990,103 min,7.7,$285.76M,"Comedy, Family"
Jaws,1975,124 min,8.1,$260.00M,"Adventure, Thriller"
Hotel Transylvania 2,2015,89 min,6.6,$169.70M,"Animation, Adventure, Comedy"
Star Wars: Episode VI - Return of the Jedi,1983,131 min,8.3,$309.13M,"Action, Adventure, Fantasy"
Charlie and the Chocolate Factory,2005,115 min,6.7,$206.46M,"Adventure, Comedy, Family"
Indiana Jones and the Last Crusade,1989,127 min,8.2,$197.17M,"Action, Adventure"
San Andreas,2015,114 min,6.1,$155.19M,"Action, Adventure, Thriller"
It Chapter Two,2019,169 min,6.5,$211.59M,"Drama, Fantasy, Horror"
La La Land,2016,128 min,8,$151.10M,"Comedy, Drama, Music"
Wreck-It Ralph,2012,101 min,7.7,$189.42M,"Animation, Adventure, Comedy"
Godzilla vs. Kong,2021,113 min,6.3,$100.92M,"Action, Sci-Fi, Thriller"
The Hangover,2009,100 min,7.7,$277.32M,Comedy
Lucy,2014,89 min,6.4,$126.66M,"Action, Sci-Fi, Thriller"
The Lego Movie,2014,100 min,7.7,$257.76M,"Animation, Action, Adventure"
Bumblebee,2018,114 min,6.7,$127.20M,"Action, Adventure, Sci-Fi"
Star Trek Into Darkness,2013,132 min,7.7,$228.78M,"Action, Adventure, Sci-Fi"
The Matrix,1999,136 min,8.7,$171.48M,"Action, Sci-Fi"
Pretty Woman,1990,119 min,7.1,$178.41M,"Comedy, Romance"
Cars,2006,117 min,7.2,$244.08M,"Animation, Adventure, Comedy"
Ba bai,2020,149 min,6.7,$0.37M,"Action, Drama, History"
X-Men: The Last Stand,2006,104 min,6.6,$234.36M,"Action, Adventure, Sci-Fi"
Du xing yue qiu,2022,122 min,6.4,,"Comedy, Sci-Fi"
National Treasure: Book of Secrets,2007,124 min,6.5,$219.96M,"Action, Adventure, Mystery"
Mission: Impossible,1996,110 min,7.1,$180.98M,"Action, Adventure, Thriller"
300,2006,117 min,7.6,$210.61M,"Action, Drama"
The Last Samurai,2003,154 min,7.8,$111.11M,"Action, Drama"
Kimetsu no Yaiba: Mugen Ressha-Hen,2020,117 min,8.2,$47.70M,"Animation, Action, Adventure"
Wo bu shi yao shen,2018,117 min,7.8,$0.01M,"Comedy, Drama"
Ocean's Eleven,2001,116 min,7.7,$183.42M,"Crime, Thriller"
Wo he wo de zu guo,2019,154 min,6.3,$2.36M,"Drama, History"
Thor,2011,115 min,7,$181.03M,"Action, Fantasy"
Pearl Harbor,2001,183 min,6.2,$198.54M,"Action, Drama, History"
Tarzan,1999,88 min,7.3,$171.09M,"Animation, Adventure, Comedy"
Men in Black II,2002,88 min,6.2,$190.42M,"Action, Adventure, Comedy"
The Bourne Ultimatum,2007,115 min,8,$227.47M,"Action, Mystery, Thriller"
The Mummy Returns,2001,130 min,6.4,$202.02M,"Action, Adventure, Fantasy"
Alvin and the Chipmunks: The Squeakquel,2009,88 min,4.5,$219.61M,"Animation, Adventure, Comedy"
Les Misérables,2012,158 min,7.5,$148.81M,"Drama, Musical, Romance"
The Exorcist,1973,122 min,8.1,$232.91M,Horror
Mrs. Doubtfire,1993,125 min,7.1,$219.20M,"Comedy, Drama"
Terminator Genisys,2015,126 min,6.3,$89.76M,"Action, Adventure, Sci-Fi"
Warcraft,2016,123 min,6.7,$47.37M,"Action, Adventure, Fantasy"
A Star Is Born,2018,136 min,7.6,$215.29M,"Drama, Music, Romance"
The Greatest Showman,2017,105 min,7.5,$174.34M,"Biography, Drama, Musical"
Terminator 3: Rise of the Machines,2003,109 min,6.3,$150.37M,"Action, Sci-Fi"
Pokémon: Detective Pikachu,2019,104 min,6.5,$144.11M,"Action, Adventure, Comedy"
Shang-Chi and the Legend of the Ten Rings,2021,132 min,7.4,$224.54M,"Action, Adventure, Fantasy"
Die Another Day,2002,133 min,6.1,$160.94M,"Action, Adventure, Thriller"
The Secret Life of Pets 2,2019,86 min,6.4,$158.87M,"Animation, Adventure, Comedy"
Cast Away,2000,143 min,7.8,$233.63M,"Adventure, Drama, Romance"
Rampage,2018,107 min,6.1,$101.03M,"Action, Adventure, Sci-Fi"
The King's Speech,2010,118 min,8,$138.80M,"Biography, Drama, History"
The Matrix Revolutions,2003,129 min,6.7,$139.31M,"Action, Sci-Fi"
The Intouchables,2011,112 min,8.5,$13.18M,"Biography, Comedy, Drama"
Bad Boys for Life,2020,124 min,6.5,$206.31M,"Action, Comedy, Crime"
Django Unchained,2012,165 min,8.4,$162.81M,"Drama, Western"
Beauty and the Beast,1991,84 min,8,$218.97M,"Animation, Family, Fantasy"
Dances with Wolves,1990,181 min,8,$184.21M,"Adventure, Drama, Western"
Wo he wo de jia xiang,2020,153 min,6.4,,Drama
The Chronicles of Narnia: Prince Caspian,2008,150 min,6.5,$141.62M,"Action, Adventure, Family"
Sex and the City,2008,145 min,5.7,$152.65M,"Comedy, Drama, Romance"
Zhong guo ji zhang,2019,111 min,6.2,$0.71M,"Action, Adventure, Drama"
The Mummy,1999,124 min,7.1,$155.25M,"Action, Adventure, Fantasy"
The Chronicles of Narnia: The Voyage of the Dawn Treader,2010,113 min,6.3,$104.39M,"Adventure, Family, Fantasy"
Jason Bourne,2016,123 min,6.6,$162.43M,"Action, Thriller"
Mad Max: Fury Road,2015,120 min,8.1,$154.06M,"Action, Adventure, Sci-Fi"
The Wolverine,2013,126 min,6.7,$132.56M,"Action, Sci-Fi"
Kingsman: The Secret Service,2014,129 min,7.7,$128.26M,"Action, Adventure, Comedy"
Night at the Museum: Battle of the Smithsonian,2009,105 min,6,$177.24M,"Adventure, Comedy, Family"
Batman,1989,126 min,7.5,$251.19M,"Action, Adventure"
The Bodyguard,1992,129 min,6.3,$121.95M,"Action, Drama, Music"
Pacific Rim,2013,131 min,6.9,$101.80M,"Action, Adventure, Sci-Fi"
Kingsman: The Golden Circle,2017,141 min,6.7,$100.23M,"Action, Adventure, Comedy"
The Mummy,2017,110 min,5.4,$80.10M,"Action, Adventure, Fantasy"
Ice Age: Collision Course,2016,94 min,5.6,$64.06M,"Animation, Adventure, Comedy"
Twilight,2008,122 min,5.3,$192.77M,"Drama, Fantasy, Romance"
Signs,2002,106 min,6.8,$227.97M,"Drama, Mystery, Sci-Fi"
X2,2003,134 min,7.4,$214.95M,"Action, Sci-Fi, Thriller"
Sing 2,2021,110 min,7.4,$162.79M,"Animation, Adventure, Comedy"
Fantastic Beasts: The Secrets of Dumbledore,2022,142 min,6.2,$95.85M,"Adventure, Family, Fantasy"
The Wolf of Wall Street,2013,180 min,8.2,$116.90M,"Biography, Comedy, Crime"
Alita: Battle Angel,2019,122 min,7.3,$85.71M,"Action, Adventure, Sci-Fi"
The Mummy: Tomb of the Dragon Emperor,2008,112 min,5.2,$102.49M,"Action, Adventure, Fantasy"
Prometheus,2012,124 min,7,$126.48M,"Adventure, Mystery, Sci-Fi"
Sonic the Hedgehog 2,2022,122 min,6.5,$190.87M,"Action, Adventure, Comedy"
Gone with the Wind,1939,238 min,8.2,$198.68M,"Drama, Romance, War"
Mamma Mia! Here We Go Again,2018,114 min,6.6,$120.63M,"Comedy, Musical, Romance"
Eternals,2021,156 min,6.3,$164.87M,"Action, Adventure, Fantasy"
Dune: Part One,2021,155 min,8,$108.33M,"Action, Adventure, Drama"
Uncharted,2022,116 min,6.3,$148.65M,"Action, Adventure"
Tron,2010,125 min,6.8,$172.06M,"Action, Adventure, Sci-Fi"
Mission: Impossible III,2006,126 min,6.9,$134.03M,"Action, Adventure, Thriller"
Snow White and the Huntsman,2012,127 min,6.1,$155.33M,"Action, Adventure, Drama"
Grease,1978,110 min,7.2,$188.76M,"Comedy, Musical, Romance"
Toy Story,1995,81 min,8.3,$191.80M,"Animation, Adventure, Comedy"
Solo: A Star Wars Story,2018,135 min,6.9,$213.77M,"Action, Adventure, Sci-Fi"
Black Adam,2022,125 min,6.3,$168.15M,"Action, Adventure, Fantasy"
Superman Returns,2006,154 min,6.1,$200.08M,"Action, Adventure, Sci-Fi"
Robin Hood: Prince of Thieves,1991,143 min,6.9,$165.50M,"Action, Adventure, Drama"
Raiders of the Lost Ark,1981,115 min,8.4,$248.16M,"Action, Adventure"
Independence Day: Resurgence,2016,120 min,5.2,$103.14M,"Action, Adventure, Sci-Fi"
Live Free or Die Hard,2007,128 min,7.1,$134.53M,"Action, Thriller"
Zhuo yao ji,2015,117 min,6.1,$0.02M,"Adventure, Comedy, Fantasy"
Godzilla: King of the Monsters,2019,132 min,6,$110.50M,"Action, Adventure, Fantasy"
Home,2015,94 min,6.6,$177.40M,"Animation, Adventure, Comedy"
Star Trek,2009,127 min,7.9,$257.73M,"Action, Adventure, Sci-Fi"
1917,2019,119 min,8.2,$159.23M,"Action, Drama, War"
Happy Feet,2006,108 min,6.4,$198.00M,"Animation, Adventure, Comedy"
Spider-Man: Into the Spider-Verse,2018,117 min,8.4,$190.24M,"Animation, Action, Adventure"
Cars 3,2017,102 min,6.7,$152.90M,"Animation, Adventure, Comedy"
Back to the Future,1985,116 min,8.5,$210.61M,"Adventure, Comedy, Sci-Fi"
Ice Age,2002,81 min,7.5,$176.39M,"Animation, Adventure, Comedy"
Kimi no na wa.,2016,106 min,8.4,$5.02M,"Animation, Drama, Fantasy"
Fifty Shades Darker,2017,118 min,4.6,$114.38M,"Drama, Romance, Thriller"
Monsters vs. Aliens,2009,94 min,6.4,$198.35M,"Animation, Action, Adventure"
Black Widow,2021,134 min,6.7,$183.65M,"Action, Adventure, Sci-Fi"
Godzilla,1998,139 min,5.4,$136.31M,"Action, Sci-Fi, Thriller"
True Lies,1994,141 min,7.3,$146.28M,"Action, Comedy, Thriller"
Slumdog Millionaire,2008,120 min,8,$141.32M,"Crime, Drama, Romance"
Once Upon a Time in... Hollywood,2019,161 min,7.6,$142.50M,"Comedy, Drama"
Taken 2,2012,92 min,6.2,$139.85M,"Action, Crime, Thriller"
G.I. Joe: Retaliation,2013,110 min,5.7,$122.52M,"Action, Adventure, Sci-Fi"
Shark Tale,2004,90 min,6,$160.86M,"Animation, Adventure, Comedy"
What Women Want,2000,127 min,6.4,$182.81M,"Comedy, Fantasy, Romance"
The Adventures of Tintin,2011,107 min,7.3,$77.59M,"Animation, Action, Adventure"
Batman Begins,2005,140 min,8.2,$206.85M,"Action, Crime, Drama"
Penguins of Madagascar,2014,92 min,6.6,$83.35M,"Animation, Action, Adventure"
X-Men Origins: Wolverine,2009,107 min,6.5,$179.88M,"Action, Sci-Fi"
The Golden Compass,2007,113 min,6.1,$70.11M,"Adventure, Family, Fantasy"
Fifty Shades Freed,2018,105 min,4.5,$100.41M,"Drama, Romance, Thriller"
Hitch,2005,118 min,6.6,$179.50M,"Comedy, Romance"
Terminator Salvation,2009,115 min,6.5,$125.32M,"Action, Adventure, Sci-Fi"
Captain America: The First Avenger,2011,124 min,6.9,$176.65M,"Action, Adventure, Sci-Fi"
Edge of Tomorrow,2014,113 min,7.9,$100.21M,"Action, Adventure, Sci-Fi"
There's Something About Mary,1998,119 min,7.1,$176.48M,"Comedy, Romance"
Gone Girl,2014,149 min,8.1,$167.77M,"Drama, Mystery, Thriller"
The Fugitive,1993,130 min,7.8,$183.88M,"Action, Crime, Drama"
Jurassic Park III,2001,92 min,5.9,$181.17M,"Action, Adventure, Sci-Fi"
My Big Fat Greek Wedding,2002,95 min,6.6,$241.44M,"Comedy, Drama, Romance"
Xi hong shi shou fu,2018,118 min,6.1,,Comedy
Die Hard with a Vengeance,1995,128 min,7.6,$100.01M,"Action, Adventure, Thriller"
Shazam!,2019,132 min,7,$140.37M,"Action, Adventure, Comedy"
The Nun,2018,96 min,5.3,$117.45M,"Horror, Mystery, Thriller"
Alvin and the Chipmunks,2007,92 min,5.2,$217.33M,"Animation, Adventure, Comedy"
Tenet,2020,150 min,7.3,$58.46M,"Action, Sci-Fi, Thriller"
Notting Hill,1999,124 min,7.2,$116.09M,"Comedy, Drama, Romance"
A Bug's Life,1998,95 min,7.2,$162.80M,"Animation, Adventure, Comedy"
Night at the Museum: Secret of the Tomb,2014,98 min,6.2,$113.75M,"Adventure, Comedy, Family"
Ocean's Twelve,2004,125 min,6.5,$125.54M,"Crime, Thriller"
Planet of the Apes,2001,119 min,5.7,$180.01M,"Action, Adventure, Sci-Fi"
The Hangover Part III,2013,100 min,5.8,$112.20M,"Comedy, Crime"
The World Is Not Enough,1999,128 min,6.4,$126.94M,"Action, Adventure, Thriller"
Zhuo yao ji 2,2018,110 min,5.4,$0.71M,"Adventure, Comedy, Fantasy"
Fast & Furious,2009,107 min,6.5,$155.06M,"Action, Crime, Thriller"
Noah,2014,138 min,5.8,$101.20M,"Action, Adventure, Drama"
The Karate Kid,2010,140 min,6.2,$176.59M,"Action, Drama, Family"
Home Alone 2: Lost in New York,1992,120 min,6.8,$173.59M,"Adventure, Comedy, Crime"
Hotel Transylvania,2012,91 min,7,$148.31M,"Animation, Adventure, Comedy"
Minority Report,2002,145 min,7.6,$132.07M,"Action, Crime, Mystery"
Top Gun,1986,109 min,6.9,$179.80M,"Action, Drama"
The Legend of Tarzan,2016,110 min,6.2,$126.64M,"Action, Adventure, Drama"
American Beauty,1999,122 min,8.4,$130.10M,Drama
Sen to Chihiro no kamikakushi,2001,125 min,8.6,$10.06M,"Animation, Adventure, Family"
Apollo 13,1995,140 min,7.7,$173.84M,"Adventure, Drama, History"
Rain Man,1988,133 min,8,$178.80M,Drama
The Great Gatsby,2013,143 min,7.2,$144.84M,"Drama, Romance"
Dumbo,2019,112 min,6.3,$114.77M,"Adventure, Family, Fantasy"
"I, Robot",2004,115 min,7.1,$144.80M,"Action, Mystery, Sci-Fi"
Basic Instinct,1992,127 min,7,$117.73M,"Drama, Mystery, Thriller"
Murder on the Orient Express,2017,114 min,6.5,$102.83M,"Crime, Drama, Mystery"
X: First Class,2011,131 min,7.7,$146.41M,"Action, Sci-Fi"
Angry Birds,2016,97 min,6.3,$107.51M,"Animation, Action, Adventure"
GoldenEye,1995,130 min,7.2,$106.60M,"Action, Adventure, Thriller"
Catch Me If You Can,2002,141 min,8.1,$164.62M,"Biography, Crime, Drama"
Now You See Me,2013,115 min,7.2,$117.72M,"Crime, Mystery, Thriller"
Hannibal,2001,131 min,6.8,$165.09M,"Crime, Drama, Thriller"
The Mask,1994,101 min,6.9,$119.94M,"Action, Comedy, Crime"
Peter Rabbit,2018,95 min,6.6,$115.25M,"Adventure, Comedy, Crime"
Speed,1994,116 min,7.3,$121.25M,"Action, Adventure, Thriller"
Dinosaur,2000,82 min,6.4,$137.75M,"Animation, Adventure, Drama"
Mary Poppins Returns,2018,130 min,6.7,$171.96M,"Adventure, Comedy, Family"
Deep Impact,1998,120 min,6.2,$140.46M,"Action, Drama, Sci-Fi"
The Lorax,2012,86 min,6.4,$214.03M,"Animation, Adventure, Comedy"
The Maze Runner,2014,113 min,6.8,$102.43M,"Action, Mystery, Sci-Fi"
The Smurfs 2,2013,105 min,5.3,$71.02M,"Animation, Adventure, Comedy"
National Treasure,2004,131 min,6.9,$173.01M,"Action, Adventure, Mystery"
Rush Hour 2,2001,90 min,6.6,$226.16M,"Action, Comedy, Crime"
Trolls,2016,92 min,6.4,$153.71M,"Animation, Adventure, Comedy"
xXx: Return of Xander Cage,2017,107 min,5.2,$44.90M,"Action, Adventure, Thriller"
Pocahontas,1995,81 min,6.7,$141.60M,"Animation, Adventure, Drama"
How the Grinch Stole Christmas,2000,104 min,6.3,$260.04M,"Comedy, Family, Fantasy"
Star Trek Beyond,2016,122 min,7,$158.85M,"Action, Adventure, Sci-Fi"
Alvin and the Chipmunks: Chipwrecked,2011,87 min,4.3,$133.11M,"Animation, Adventure, Comedy"
Wanted,2008,110 min,6.7,$134.51M,"Action, Crime, Thriller"
The Flintstones,1994,91 min,5,$130.51M,"Comedy, Family, Fantasy"
A Quiet Place,2018,90 min,7.5,$188.02M,"Drama, Horror, Sci-Fi"
Enchanted,2007,107 min,7.1,$127.81M,"Animation, Adventure, Comedy"
Over the Hedge,2006,83 min,6.7,$155.02M,"Animation, Adventure, Comedy"
300: Rise of an Empire,2014,102 min,6.2,$106.58M,"Action, Drama"
Batman Forever,1995,121 min,5.4,$184.03M,"Action, Adventure"
Prince of Persia: The Sands of Time,2010,116 min,6.6,$90.76M,"Action, Adventure, Fantasy"
The Curious Case of Benjamin Button,2008,166 min,7.8,$127.51M,"Drama, Fantasy, Romance"
Journey 2: The Mysterious Island,2012,94 min,5.7,$103.86M,"Action, Adventure, Comedy"
The Rock,1996,136 min,7.4,$134.07M,"Action, Adventure, Thriller"
The Great Wall,2016,103 min,5.9,$45.54M,"Action, Adventure, Fantasy"
Now You See Me 2,2016,129 min,6.4,$65.08M,"Action, Adventure, Comedy"
Xiu xiu de tie quan,2017,100 min,6.2,,"Comedy, Fantasy, Sport"
Fantastic Four,2005,106 min,5.7,$154.70M,"Action, Adventure, Fantasy"
Indiana Jones and the Temple of Doom,1984,118 min,7.5,$179.87M,"Action, Adventure"
Tomorrow Never Dies,1997,119 min,6.5,$125.33M,"Action, Adventure, Thriller"
Back to the Future Part II,1989,108 min,7.8,$118.50M,"Adventure, Comedy, Sci-Fi"
The Good Dinosaur,2015,93 min,6.7,$123.09M,"Animation, Adventure, Comedy"
Free Guy,2021,115 min,7.1,$121.63M,"Action, Adventure, Comedy"
22 Jump Street,2014,112 min,7,$191.72M,"Action, Comedy, Crime"
Meet the Parents,2000,108 min,7,$166.24M,"Comedy, Romance"
Who Framed Roger Rabbit,1988,104 min,7.7,$156.45M,"Animation, Adventure, Comedy"
Black Swan,2010,108 min,8,$106.95M,"Drama, Thriller"
The Perfect Storm,2000,130 min,6.5,$182.62M,"Action, Adventure, Drama"
John Wick: Chapter 3 - Parabellum,2019,130 min,7.4,$171.02M,"Action, Crime, Thriller"
Crocodile Dundee,1986,97 min,6.6,$174.64M,"Action, Adventure, Comedy"
Feng kuang de wai xing ren,2019,116 min,5.8,,"Comedy, Sci-Fi"
Se7en,1995,127 min,8.6,$100.13M,"Crime, Drama, Mystery"
The Devil Wears Prada,2006,109 min,6.9,$124.74M,"Comedy, Drama"
Taken 3,2014,108 min,6,$89.26M,"Action, Crime, Thriller"
The Hunchback of Notre Dame,1996,91 min,7,$100.14M,"Animation, Drama, Family"
A Christmas Carol,2009,96 min,6.8,$137.86M,"Animation, Adventure, Comedy"
The SpongeBob Movie: Sponge Out of Water,2015,92 min,6,$162.99M,"Animation, Adventure, Comedy"
Schindler's List,1993,195 min,9,$96.90M,"Biography, Drama, History"
Megamind,2010,95 min,7.3,$148.42M,"Animation, Action, Comedy"
The Conjuring 2,2016,134 min,7.3,$102.47M,"Horror, Mystery, Thriller"
Green Book,2018,130 min,8.2,$85.08M,"Biography, Comedy, Drama"
Lethal Weapon 3,1992,118 min,6.7,$144.73M,"Action, Crime, Thriller"
Robin Hood,2010,140 min,6.6,$105.27M,"Action, Adventure, Drama"
Inglourious Basterds,2009,153 min,8.3,$120.54M,"Adventure, Drama, War"
101 Dalmatians,1996,103 min,5.7,$136.19M,"Adventure, Comedy, Crime"
The Conjuring,2013,112 min,7.5,$137.40M,"Horror, Mystery, Thriller"
Fatal Attraction,1987,119 min,6.9,$156.65M,"Drama, Thriller"
Sonic the Hedgehog,2020,99 min,6.5,$148.97M,"Action, Adventure, Comedy"
The Last Airbender,2010,103 min,4,$131.56M,"Action, Adventure, Family"
The Proposal,2009,108 min,6.7,$163.96M,"Comedy, Drama, Romance"
The Polar Express,2004,100 min,6.6,$183.37M,"Animation, Adventure, Comedy"
A Beautiful Mind,2001,135 min,8.2,$170.74M,"Biography, Drama"
Beverly Hills Cop,1984,105 min,7.3,$234.76M,"Action, Comedy, Crime"
Air Force One,1997,124 min,6.5,$172.96M,"Action, Drama, Thriller"
Wonder,2017,113 min,7.9,$132.42M,"Drama, Family"
The Expendables 2,2012,103 min,6.6,$85.02M,"Action, Adventure, Thriller"
Chicken Little,2005,81 min,5.7,$135.39M,"Animation, Adventure, Comedy"
As Good as It Gets,1997,139 min,7.7,$148.48M,"Comedy, Drama, Romance"
Knives Out,2019,130 min,7.9,$165.36M,"Comedy, Crime, Drama"
Maze Runner: The Scorch Trials,2015,131 min,6.3,$81.70M,"Action, Adventure, Sci-Fi"
Resident Evil: The Final Chapter,2016,107 min,5.5,$26.83M,"Action, Horror, Sci-Fi"
The Lego Batman Movie,2017,104 min,7.3,$175.75M,"Animation, Action, Adventure"
Austin Powers: The Spy Who Shagged Me,1999,95 min,6.6,$206.04M,"Action, Adventure, Comedy"
Ocean's Thirteen,2007,122 min,6.9,$117.15M,"Crime, Thriller"
Little Fockers,2010,98 min,5.5,$148.38M,"Comedy, Romance"
Bolt,2008,96 min,6.8,$114.05M,"Animation, Adventure, Comedy"
Ransom,1996,121 min,6.7,$136.49M,"Action, Crime, Thriller"
Runaway Bride,1999,116 min,5.6,$152.26M,"Comedy, Romance"
The Blind Side,2009,129 min,7.6,$255.96M,"Biography, Drama, Sport"
Qian ren 3: Zai jian qian ren,2017,120 min,5.6,$0.84M,"Comedy, Romance"
The Fault in Our Stars,2014,126 min,7.7,$124.87M,"Drama, Romance"
The Pursuit of Happyness,2006,117 min,8,$163.57M,"Biography, Drama"
Rise of the Guardians,2012,97 min,7.2,$103.41M,"Animation, Action, Adventure"
Close Encounters of the Third Kind,1977,138 min,7.6,$132.09M,"Drama, Sci-Fi"
Chicago,2002,113 min,7.2,$170.69M,"Comedy, Crime, Musical"
Annabelle: Creation,2017,109 min,6.5,$102.09M,"Horror, Mystery, Thriller"
Bridesmaids,2011,125 min,6.8,$169.11M,"Comedy, Romance"
Skyscraper,2018,102 min,5.8,$68.42M,"Action, Adventure, Thriller"
A Good Day to Die Hard,2013,98 min,5.2,$67.35M,"Action, Thriller"
Mulan,1998,87 min,7.6,$120.62M,"Animation, Adventure, Comedy"
Dangal,2016,161 min,8.3,$12.39M,"Biography, Drama, Sport"
Passengers,2016,116 min,7,$100.01M,"Drama, Romance, Sci-Fi"
Battleship,2012,131 min,5.8,$65.42M,"Action, Adventure, Sci-Fi"
Liar Liar,1997,86 min,6.9,$181.41M,"Comedy, Fantasy"
G.I. Joe: The Rise of Cobra,2009,118 min,5.7,$152.27M,"Action, Adventure, Sci-Fi"
Wrath of the Titans,2012,99 min,5.7,$83.67M,"Action, Adventure, Fantasy"
4: Rise of the Silver Surfer,2007,92 min,5.6,$131.92M,"Action, Adventure, Fantasy"
Hook,1991,142 min,6.8,$119.65M,"Adventure, Comedy, Family"
Superman,1978,143 min,7.4,$134.22M,"Action, Adventure, Sci-Fi"
Rocky IV,1985,91 min,6.9,$127.87M,"Drama, Sport"
Rambo: First Blood Part II,1985,96 min,6.5,$150.42M,"Action, Adventure, Thriller"
Resident Evil: Afterlife,2010,96 min,5.8,$60.13M,"Action, Horror, Sci-Fi"
Van Helsing,2004,131 min,6,$120.18M,"Action, Adventure, Fantasy"
Stuart Little,1999,84 min,6,$140.04M,"Adventure, Comedy, Family"
Beverly Hills Cop II,1987,100 min,6.5,$153.67M,"Action, Comedy, Crime"
Alice Through the Looking Glass,2016,113 min,6.2,$77.04M,"Adventure, Family, Fantasy"
My Best Friend's Wedding,1997,105 min,6.3,$127.12M,"Comedy, Drama, Romance"
Real Steel,2011,127 min,7,$85.47M,"Action, Drama, Sci-Fi"
Horton Hears a Who!,2008,86 min,6.8,$154.53M,"Animation, Adventure, Comedy"
Ocean's Eight,2018,110 min,6.3,$140.22M,"Action, Comedy, Crime"
A Quiet Place Part II,2020,97 min,7.2,$160.07M,"Drama, Horror, Sci-Fi"
Insurgent,2015,119 min,6.2,$130.18M,"Action, Adventure, Sci-Fi"
Look Who's Talking,1989,93 min,5.9,$140.09M,Comedy
Austin Powers in Goldmember,2002,94 min,6.2,$213.31M,"Action, Adventure, Comedy"
Ghostbusters,1984,105 min,7.8,$238.63M,"Action, Comedy, Fantasy"
Miss Peregrine's Home for Peculiar Children,2016,127 min,6.7,$87.24M,"Adventure, Drama, Family"
X-Men,2000,104 min,7.3,$157.30M,"Action, Adventure, Sci-Fi"
Ferdinand,2017,108 min,6.7,$84.41M,"Animation, Adventure, Comedy"
Shutter Island,2010,138 min,8.2,$128.01M,"Mystery, Thriller"
Doctor Dolittle,1998,85 min,5.4,$144.16M,"Comedy, Family, Fantasy"
Bee Movie,2007,91 min,6.1,$126.63M,"Animation, Adventure, Comedy"
Salt,2010,100 min,6.4,$118.31M,"Action, Thriller"
G-Force,2009,88 min,5.1,$119.44M,"Animation, Action, Adventure"
The Departed,2006,151 min,8.5,$132.38M,"Crime, Drama, Thriller"
What Lies Beneath,2000,130 min,6.6,$155.46M,"Drama, Horror, Mystery"
Pacific Rim: Uprising,2018,111 min,5.6,$59.87M,"Action, Adventure, Fantasy"
The Bourne Supremacy,2004,108 min,7.7,$176.24M,"Action, Mystery, Thriller"
Sex and the City 2,2010,146 min,4.5,$95.35M,"Comedy, Drama, Romance"
Shakespeare in Love,1998,123 min,7.1,$100.32M,"Comedy, Drama, History"
Divergent,2014,139 min,6.6,$150.95M,"Action, Adventure, Mystery"
Coming to America,1988,117 min,7.1,$128.15M,"Comedy, Romance"
Wedding Crashers,2005,119 min,7,$209.22M,"Comedy, Romance"
Maze Runner: The Death Cure,2018,143 min,6.2,$58.03M,"Action, Adventure, Sci-Fi"
Casper,1995,100 min,6.1,$100.33M,"Comedy, Family, Fantasy"
American Pie 2,2001,108 min,6.4,$145.10M,Comedy
Elvis,2022,159 min,7.3,$151.04M,"Biography, Drama, Music"
Pitch Perfect 2,2015,115 min,6.4,$184.30M,"Comedy, Music"
The Green Mile,1999,189 min,8.6,$136.80M,"Crime, Drama, Fantasy"
Oblivion,2013,124 min,7,$89.02M,"Action, Adventure, Sci-Fi"
Elysium,2013,109 min,6.6,$93.05M,"Action, Drama, Sci-Fi"
Lethal Weapon 4,1998,127 min,6.6,$130.44M,"Action, Crime, Thriller"
John Carter,2012,132 min,6.6,$73.08M,"Action, Adventure, Sci-Fi"
Turbo,2013,96 min,6.4,$83.03M,"Animation, Adventure, Comedy"
Paddington,2014,95 min,7.3,$76.27M,"Adventure, Comedy, Family"
Bridget Jones's Diary,2001,97 min,6.8,$71.54M,"Comedy, Drama, Romance"
The Tourist,2010,103 min,6,$67.63M,"Action, Thriller"
Split,2016,117 min,7.3,$138.29M,"Horror, Thriller"
Scary Movie,2000,88 min,6.2,$157.02M,Comedy
xXx,2002,124 min,5.8,$142.11M,"Action, Adventure, Thriller"
The Bourne Legacy,2012,135 min,6.6,$113.20M,"Action, Adventure, Thriller"
Mr. Peabody & Sherman,2014,92 min,6.8,$111.51M,"Animation, Adventure, Comedy"
Scooby-Doo,2002,89 min,5.2,$153.29M,"Adventure, Comedy, Family"
Lincoln,2012,150 min,7.3,$182.21M,"Biography, Drama, History"
Lara Croft: Tomb Raider,2001,100 min,5.7,$131.14M,"Action, Adventure, Fantasy"
Tomb Raider,2018,119 min,6.3,$58.25M,"Action, Adventure, Fantasy"
The Expendables,2010,103 min,6.4,$103.07M,"Action, Adventure, Thriller"
Cloudy with a Chance of Meatballs 2,2013,95 min,6.3,$119.79M,"Animation, Adventure, Comedy"
The Nutty Professor,1996,95 min,5.7,$128.81M,"Comedy, Romance, Sci-Fi"
Jerry Maguire,1996,139 min,7.3,$153.95M,"Comedy, Drama, Romance"
Bad Boys II,2003,147 min,6.6,$138.61M,"Action, Comedy, Crime"
Lilo & Stitch,2002,85 min,7.3,$145.79M,"Animation, Adventure, Comedy"
The Silence of the Lambs,1991,118 min,8.6,$130.74M,"Crime, Drama, Thriller"
Grown Ups,2010,102 min,5.9,$162.00M,Comedy
Neighbors,2014,97 min,6.3,$150.16M,Comedy
The Firm,1993,154 min,6.8,$158.35M,"Drama, Mystery, Thriller"
We're the Millers,2013,110 min,7,$150.39M,"Comedy, Crime"
Gran Torino,2008,116 min,8.1,$148.10M,Drama
"10,000 BC",2008,109 min,5.1,$94.78M,"Action, Adventure, Drama"
American Gangster,2007,157 min,7.8,$130.16M,"Biography, Crime, Drama"
Epic,2013,102 min,6.6,$107.52M,"Animation, Action, Adventure"
Exodus: Gods and Kings,2014,150 min,6,$65.01M,"Action, Adventure, Drama"
Blade Runner 2049,2017,164 min,8,$92.05M,"Action, Drama, Mystery"
Bambi,1942,69 min,7.3,$102.80M,"Animation, Adventure, Drama"
The Princess and the Frog,2009,97 min,7.1,$104.40M,"Animation, Adventure, Comedy"
Batman Returns,1992,126 min,7.1,$162.83M,"Action, Crime, Fantasy"
Indecent Proposal,1993,117 min,6,$106.61M,"Drama, Romance"
Something's Gotta Give,2003,128 min,6.7,$124.73M,"Comedy, Drama, Romance"
Bridget Jones: The Edge of Reason,2004,108 min,6,$40.23M,"Comedy, Drama, Romance"
The Incredible Hulk,2008,112 min,6.6,$134.52M,"Action, Adventure, Sci-Fi"
Waterworld,1995,135 min,6.3,$88.25M,"Action, Adventure, Sci-Fi"
The Truman Show,1998,103 min,8.2,$125.62M,"Comedy, Drama"
Charlie's Angels,2000,98 min,5.6,$125.31M,"Action, Adventure, Comedy"
The Fifth Element,1997,126 min,7.6,$63.54M,"Action, Adventure, Sci-Fi"
Jumanji,1995,104 min,7,$100.48M,"Adventure, Comedy, Family"
Gisaengchung,2019,132 min,8.5,$53.37M,"Drama, Thriller"
Borat: Cultural Learnings of America for Make Benefit Glorious Nation of Kazakhstan,2006,84 min,7.4,$128.51M,Comedy
Robots,2005,91 min,6.4,$128.20M,"Animation, Adventure, Comedy"
Knight and Day,2010,109 min,6.3,$76.42M,"Action, Adventure, Comedy"
Total Recall,1990,113 min,7.5,$119.39M,"Action, Adventure, Sci-Fi"
This Is It,2009,111 min,7.2,$72.09M,"Documentary, Drama, Music"
Terminator: Dark Fate,2019,128 min,6.2,$62.25M,"Action, Adventure, Sci-Fi"
The Lone Ranger,2013,150 min,6.4,$89.30M,"Action, Adventure, Western"
Super 8,2011,112 min,7,$127.00M,"Action, Mystery, Sci-Fi"
Halloween,2018,106 min,6.5,$159.34M,"Crime, Horror, Thriller"
Xun long jue,2015,127 min,5.9,$1.24M,"Action, Adventure, Drama"
Charlie's Angels: Full Throttle,2003,106 min,4.9,$100.83M,"Action, Adventure, Comedy"
Rush Hour 3,2007,91 min,6.2,$140.13M,"Action, Comedy, Crime"
The Full Monty,1997,91 min,7.2,$45.95M,"Comedy, Drama"
Gong fu yu jia,2017,107 min,5.1,$0.36M,"Action, Adventure, Comedy"
Annabelle,2014,99 min,5.4,$84.27M,"Horror, Mystery, Thriller"
Encanto,2021,102 min,7.2,$96.09M,"Animation, Comedy, Family"
The Village,2004,108 min,6.6,$114.20M,"Drama, Mystery, Thriller"
Gang jiong,2015,114 min,5.4,$1.30M,"Action, Adventure, Comedy"
Erin Brockovich,2000,131 min,7.4,$125.60M,"Biography, Drama"
Us,2019,116 min,6.8,$175.08M,"Horror, Mystery, Thriller"
Fei chi ren sheng,2019,98 min,6.3,,"Comedy, Sport"
Get Out,2017,104 min,7.7,$176.04M,"Horror, Mystery, Thriller"
Marley & Me,2008,111 min,7,$143.15M,"Drama, Family"
Cliffhanger,1993,113 min,6.5,$84.05M,"Action, Adventure, Thriller"
Baahubali 2: The Conclusion,2017,167 min,8.2,$20.19M,"Action, Drama"
Babe,1995,91 min,6.9,$66.60M,"Comedy, Drama, Family"
Men in Black: International,2019,114 min,5.6,$80.00M,"Action, Adventure, Comedy"
Wild Hogs,2007,100 min,5.8,$168.27M,"Action, Adventure, Comedy"
High School Musical 3: Senior Year,2008,112 min,4.9,$90.56M,"Comedy, Drama, Family"
Hercules,1997,93 min,7.3,$99.05M,"Animation, Adventure, Comedy"
Dark Phoenix,2019,113 min,5.7,$65.85M,"Action, Adventure, Sci-Fi"
True Grit,2010,110 min,7.6,$171.24M,"Drama, Western"
Dolittle,2020,101 min,5.6,$77.05M,"Adventure, Comedy, Family"
Bean,1997,89 min,6.5,$45.32M,"Adventure, Comedy, Family"
American Hustle,2013,138 min,7.2,$150.12M,"Crime, Drama"
Enemy of the State,1998,132 min,7.3,$111.55M,"Action, Thriller"
You've Got Mail,1998,119 min,6.7,$115.82M,"Comedy, Drama, Romance"
Eragon,2006,104 min,5.1,$75.03M,"Action, Adventure, Family"
Brother Bear,2003,85 min,6.8,$85.34M,"Animation, Adventure, Comedy"
The Godfather,1972,175 min,9.2,$134.97M,"Crime, Drama"
The Mask of Zorro,1998,136 min,6.8,$94.10M,"Action, Adventure, Comedy"
The Bad Guys,2022,100 min,6.8,$97.23M,"Animation, Adventure, Comedy"
The Ring,2002,115 min,7.1,$129.13M,"Horror, Mystery"
The Blair Witch Project,1999,81 min,6.5,$140.54M,"Horror, Mystery"
Unbreakable,2000,106 min,7.3,$95.01M,"Drama, Mystery, Sci-Fi"
Love Actually,2003,135 min,7.6,$59.70M,"Comedy, Drama, Romance"
Journey to the West: Demon Chapter,2017,109 min,5.4,$0.88M,"Adventure, Comedy, Fantasy"
Dumb and Dumber,1994,107 min,7.3,$127.18M,Comedy
Glass,2019,129 min,6.6,$111.05M,"Drama, Horror, Sci-Fi"
Grown Ups 2,2013,101 min,5.3,$133.67M,Comedy
The Peanuts Movie,2015,88 min,7,$130.18M,"Animation, Adventure, Comedy"
Rango,2011,107 min,7.2,$123.48M,"Animation, Action, Adventure"
Four Weddings and a Funeral,1994,117 min,7.1,$52.70M,"Comedy, Drama, Romance"
Face/Off,1997,138 min,7.3,$112.23M,"Action, Crime, Sci-Fi"
Teenage Mutant Ninja Turtles: Out of the Shadows,2016,112 min,5.9,$82.05M,"Action, Adventure, Comedy"
Dark Shadows,2012,113 min,6.2,$79.73M,"Comedy, Fantasy, Horror"
Hulk,2003,138 min,5.6,$132.18M,"Action, Sci-Fi"
Lie huo ying xiong,2019,118 min,5.7,$0.29M,"Action, Drama"
Bienvenue chez les Ch'tis,2008,106 min,7.1,$1.48M,"Comedy, Romance"
Back to the Future Part III,1990,118 min,7.4,$87.73M,"Adventure, Comedy, Sci-Fi"
Pixels,2015,105 min,5.6,$78.75M,"Action, Comedy, Fantasy"
Hercules,2014,98 min,6,$72.69M,"Action, Adventure, Fantasy"
Rush Hour,1998,98 min,7,$141.15M,"Action, Comedy, Crime"
Journey to the Center of the Earth,2008,93 min,5.8,$101.70M,"Action, Adventure, Family"
After Earth,2013,100 min,4.8,$60.52M,"Action, Adventure, Sci-Fi"
A Few Good Men,1992,138 min,7.7,$141.34M,"Drama, Thriller"
Cloudy with a Chance of Meatballs,2009,90 min,6.9,$124.87M,"Animation, Adventure, Comedy"
8 Mile,2002,110 min,7.2,$116.72M,"Drama, Music"
Daddy's Home,2015,96 min,6.1,$150.36M,"Comedy, Family"
RoboCop,2014,117 min,6.1,$58.61M,"Action, Crime, Sci-Fi"
Eraser,1996,115 min,6.2,$101.30M,"Action, Crime, Thriller"
Alien: Covenant,2017,122 min,6.4,$74.26M,"Horror, Sci-Fi, Thriller"
Sully,2016,96 min,7.4,$125.07M,"Biography, Drama"
Assassin's Creed,2016,115 min,5.6,$54.65M,"Action, Adventure, Sci-Fi"
Click,2006,107 min,6.4,$137.36M,"Comedy, Drama, Fantasy"
Jiang Ziya,2020,110 min,6.5,$0.21M,"Animation, Action, Adventure"
Planes,2013,91 min,5.7,$90.29M,"Animation, Adventure, Comedy"
Resident Evil: Retribution,2012,95 min,5.3,$42.35M,"Action, Horror, Sci-Fi"
Die Hard 2,1990,124 min,7.1,$117.54M,"Action, Thriller"
Crocodile Dundee II,1988,108 min,5.7,$109.31M,"Action, Adventure, Comedy"
Bullet Train,2022,127 min,7.3,$103.37M,"Action, Comedy, Thriller"
Crazy Rich Asians,2018,120 min,6.9,$174.53M,"Comedy, Drama, Romance"
Batman & Robin,1997,125 min,3.7,$107.33M,"Action, Sci-Fi"
Hauru no ugoku shiro,2004,119 min,8.2,$4.71M,"Animation, Adventure, Family"
Gulliver's Travels,2010,85 min,4.9,$42.78M,"Adventure, Comedy, Family"
Gone in Sixty Seconds,2000,118 min,6.5,$101.65M,"Action, Crime, Thriller"
Saturday Night Fever,1977,118 min,6.8,$94.21M,"Drama, Music"
Silver Linings Playbook,2012,122 min,7.7,$132.09M,"Comedy, Drama, Romance"
2 Fast 2 Furious,2003,107 min,5.9,$127.15M,"Action, Crime, Thriller"
Hidden Figures,2016,127 min,7.8,$169.61M,"Biography, Drama, History"
A.I. Artificial Intelligence,2001,146 min,7.2,$78.62M,"Drama, Sci-Fi"
Dead Poets Society,1989,128 min,8.1,$95.86M,"Comedy, Drama"
Spy,2015,120 min,7,$110.83M,"Action, Comedy"
American Pie,1999,95 min,7,$102.56M,Comedy
American Reunion,2012,113 min,6.7,$57.01M,Comedy
Big Daddy,1999,93 min,6.4,$163.48M,"Comedy, Drama"
Alvin and the Chipmunks: The Road Chip,2015,92 min,4.9,$85.89M,"Animation, Adventure, Comedy"
The Imitation Game,2014,114 min,8,$91.13M,"Biography, Drama, Thriller"
Cruella,2021,134 min,7.3,$86.10M,"Adventure, Comedy, Crime"
The Day the Earth Stood Still,2008,104 min,5.5,$79.37M,"Adventure, Drama, Sci-Fi"
American Wedding,2003,96 min,6.3,$104.57M,Comedy
The Girl with the Dragon Tattoo,2011,158 min,7.8,$102.52M,"Crime, Drama, Mystery"
Juno,2007,96 min,7.5,$143.50M,"Comedy, Drama"
Argo,2012,120 min,7.7,$136.03M,"Biography, Drama, Thriller"
Mr. Bean's Holiday,2007,90 min,6.4,$33.30M,"Comedy, Family"
The English Patient,1996,162 min,7.4,$78.65M,"Drama, Romance, War"
Sister Act,1992,100 min,6.5,$139.61M,"Comedy, Family, Music"
Annabelle Comes Home,2019,106 min,5.9,$74.15M,"Horror, Mystery, Thriller"
Constantine,2005,121 min,7,$75.98M,"Action, Fantasy, Horror"
Get Smart,2008,110 min,6.5,$130.32M,"Action, Adventure, Comedy"
Space Jam,1996,88 min,6.5,$90.46M,"Animation, Adventure, Comedy"
La vita è bella,1997,116 min,8.6,$57.60M,"Comedy, Drama, Romance"
The Heat,2013,117 min,6.6,$159.58M,"Action, Comedy, Crime"
Ghostbusters,2016,117 min,6.8,$128.34M,"Action, Comedy, Fantasy"
Ghost Rider,2007,110 min,5.3,$115.80M,"Action, Fantasy, Thriller"
Xia Luo te fan nao,2015,104 min,6.7,$1.29M,Comedy
Paddington 2,2017,103 min,7.8,$40.44M,"Adventure, Comedy, Family"
Sleepless in Seattle,1993,105 min,6.8,$126.53M,"Comedy, Drama, Romance"
Lethal Weapon 2,1989,114 min,7.2,$147.25M,"Action, Crime, Thriller"
The Green Hornet,2011,119 min,5.8,$98.78M,"Action, Comedy, Crime"
Out of Africa,1985,161 min,7.1,$87.10M,"Biography, Drama, Romance"
Elf,2003,97 min,7.1,$173.40M,"Adventure, Comedy, Family"
Fang hua,2017,135 min,7,$1.89M,"Drama, Romance, War"
Baby Driver,2017,113 min,7.6,$107.83M,"Action, Crime, Drama"
Immortals,2011,110 min,6,$83.50M,"Action, Drama, Fantasy"
Taken,2008,90 min,7.8,$145.00M,"Action, Crime, Thriller"
Percy Jackson & the Olympians: The Lightning Thief,2010,118 min,5.8,$88.76M,"Adventure, Family, Fantasy"
Lightyear,2022,105 min,6.1,$118.31M,"Animation, Action, Adventure"
Hansel & Gretel: Witch Hunters,2013,88 min,6.1,$55.70M,"Action, Fantasy, Horror"
Valerian and the City of a Thousand Planets,2017,136 min,6.4,$41.19M,"Action, Adventure, Fantasy"
Good Will Hunting,1997,126 min,8.3,$138.43M,"Drama, Romance"
Shaonian de ni,2019,135 min,7.5,,"Crime, Drama, Romance"
Ford v Ferrari,2019,152 min,8.1,$117.62M,"Action, Biography, Drama"
Jumper,2008,88 min,6.1,$80.17M,"Action, Adventure, Sci-Fi"
The Social Network,2010,120 min,7.8,$96.96M,"Biography, Drama"
Chicken Run,2000,84 min,7.1,$106.83M,"Animation, Adventure, Comedy"
Con Air,1997,115 min,6.9,$101.12M,"Action, Crime, Thriller"
Interview with the Vampire: The Vampire Chronicles,1994,123 min,7.5,$105.26M,"Drama, Fantasy, Horror"
Flightplan,2005,98 min,6.3,$89.71M,"Drama, Mystery, Thriller"
Yes Man,2008,104 min,6.8,$97.69M,"Comedy, Romance"
Non-Stop,2014,106 min,6.9,$92.17M,"Action, Mystery, Thriller"
"Honey, I Shrunk the Kids",1989,93 min,6.4,$130.72M,"Adventure, Comedy, Family"
Fahrenheit 9/11,2004,122 min,7.5,$119.19M,"Documentary, Drama, War"
Wild Wild West,1999,106 min,4.9,$113.81M,"Action, Comedy, Sci-Fi"
Wo he wo de fu bei,2021,157 min,6,$0.18M,Drama
Geostorm,2017,109 min,5.3,$33.70M,"Action, Sci-Fi, Thriller"
Presumed Innocent,1990,127 min,6.9,$86.30M,"Mystery, Thriller"
Jungle Cruise,2021,127 min,6.6,$116.99M,"Action, Adventure, Comedy"
Scary Movie 3,2003,84 min,5.5,$110.00M,Comedy
Collateral,2004,120 min,7.5,$101.01M,"Action, Crime, Drama"
Inferno,2016,121 min,6.2,$34.34M,"Action, Adventure, Crime"
Knocked Up,2007,129 min,6.9,$148.73M,"Comedy, Romance"
Green Lantern,2011,114 min,5.5,$116.60M,"Action, Adventure, Sci-Fi"
What Happens in Vegas,2008,99 min,6.1,$80.28M,"Comedy, Romance"
It's Complicated,2009,121 min,6.5,$112.74M,"Comedy, Drama, Romance"
The Terminal,2004,128 min,7.4,$77.87M,"Comedy, Drama, Romance"
Little Women,2019,135 min,7.8,$108.10M,"Drama, Romance"
Captain Phillips,2013,134 min,7.8,$107.10M,"Action, Biography, Crime"
The Prince of Egypt,1998,99 min,7.2,$101.22M,"Animation, Adventure, Drama"
Jack Reacher,2012,130 min,7,$80.07M,"Action, Mystery, Thriller"
Kingdom of Heaven,2005,144 min,7.2,$47.40M,"Action, Adventure, Drama"
The Emoji Movie,2017,86 min,3.4,$86.09M,"Animation, Adventure, Comedy"
Zhe ge sha shou bu tai leng jing,2022,109 min,6.1,$0.19M,Comedy
Dracula Untold,2014,92 min,6.2,$56.28M,"Action, Drama, Fantasy"
Central Intelligence,2016,107 min,6.3,$127.44M,"Action, Comedy, Crime"
Million Dollar Baby,2004,132 min,8.1,$100.49M,"Drama, Sport"
The Help,2011,146 min,8.1,$169.71M,Drama
Twins,1988,107 min,6.1,$111.94M,"Comedy, Crime"
Valentine's Day,2010,125 min,5.7,$110.49M,"Comedy, Romance"
Bad Teacher,2011,92 min,5.6,$100.29M,"Comedy, Romance"
Smile,2022,115 min,6.5,,"Horror, Mystery, Thriller"
Song ni yi duo xiao hong hua,2020,122 min,6.7,,"Drama, Family"
The Croods: A New Age,2020,95 min,6.9,$58.57M,"Animation, Adventure, Comedy"
Clear and Present Danger,1994,141 min,6.9,$122.19M,"Action, Crime, Drama"
One Hundred and One Dalmatians,1961,79 min,7.3,$144.88M,"Animation, Adventure, Comedy"
Ted 2,2015,115 min,6.3,$81.48M,Comedy
Dracula,1992,128 min,7.4,$82.52M,"Drama, Fantasy, Horror"
Vertical Limit,2000,124 min,5.9,$69.24M,"Action, Adventure, Drama"
Ghostbusters II,1989,108 min,6.6,$112.49M,"Action, Comedy, Fantasy"
The Patriot,2000,165 min,7.2,$113.33M,"Action, Drama, History"
The Sorcerer's Apprentice,2010,109 min,6.1,$63.15M,"Action, Adventure, Family"
Just Go with It,2011,117 min,6.4,$103.03M,"Comedy, Romance"
The Expendables 3,2014,126 min,6.1,$39.32M,"Action, Adventure, Thriller"
Dirty Dancing,1987,100 min,7,$0.62M,"Drama, Music, Romance"
Creed II,2018,130 min,7.1,$115.72M,"Action, Drama, Sport"
Smallfoot,2018,96 min,6.6,$83.24M,"Animation, Adventure, Comedy"
Public Enemies,2009,140 min,7,$97.10M,"Action, Biography, Crime"
The Bourne Identity,2002,119 min,7.9,$121.66M,"Action, Mystery, Thriller"
Disclosure,1994,128 min,6.1,$83.02M,"Drama, Thriller"
Pulp Fiction,1994,154 min,8.9,$107.93M,"Crime, Drama"
The Aviator,2004,170 min,7.5,$102.61M,"Biography, Drama"
Wo hu cang long,2000,120 min,7.9,$128.08M,"Action, Adventure, Drama"
Braveheart,1995,178 min,8.4,$75.60M,"Biography, Drama, History"
Into the Woods,2014,125 min,5.9,$128.00M,"Adventure, Comedy, Drama"
Bedtime Stories,2008,99 min,6,$110.10M,"Adventure, Comedy, Family"
Miss Congeniality,2000,109 min,6.3,$106.81M,"Action, Comedy, Crime"
Entrapment,1999,113 min,6.3,$87.70M,"Action, Crime, Romance"
Ace Ventura: When Nature Calls,1995,90 min,6.4,$108.39M,"Adventure, Comedy, Crime"
End of Days,1999,122 min,5.8,$66.89M,"Action, Fantasy, Horror"
Bridget Jones's Baby,2016,123 min,6.5,$24.25M,"Comedy, Drama, Romance"
Fury,2014,134 min,7.5,$85.82M,"Action, Drama, War"
Battle: Los Angeles,2011,116 min,5.7,$83.55M,"Action, Adventure, Sci-Fi"
Australia,2008,165 min,6.6,$49.55M,"Adventure, Drama, Romance"
Due Date,2010,95 min,6.5,$100.54M,"Comedy, Drama"
Master and Commander: The Far Side of the World,2003,138 min,7.4,$93.93M,"Action, Adventure, Drama"
A Series of Unfortunate Events,2004,108 min,6.8,$118.63M,"Adventure, Comedy, Family"
The Little Mermaid,1989,83 min,7.6,$111.54M,"Animation, Adventure, Family"
Qi ji · Ben xiao hai,2022,106 min,6.6,,"Comedy, Drama"
District 9,2009,112 min,7.9,$115.65M,"Action, Sci-Fi, Thriller"
Moonraker,1979,126 min,6.2,$70.31M,"Action, Adventure, Sci-Fi"
The Others,2001,101 min,7.6,$96.52M,"Horror, Mystery, Thriller"
Horrible Bosses,2011,98 min,6.9,$117.54M,"Comedy, Crime"
Hou lai de wo men,2018,120 min,7.4,,"Drama, Romance"
Red Dragon,2002,124 min,7.2,$93.15M,"Crime, Drama, Thriller"
Tomorrowland,2015,130 min,6.4,$93.44M,"Action, Adventure, Family"
Me Before You,2016,106 min,7.4,$56.25M,"Drama, Romance"
Safe House,2012,115 min,6.7,$126.37M,"Action, Thriller"
S.W.A.T.,2003,117 min,6,$116.93M,"Action, Adventure, Crime"
The Fast and the Furious,2001,106 min,6.8,$144.53M,"Action, Crime, Thriller"
Traffic,2000,147 min,7.6,$124.12M,"Crime, Drama, Thriller"
DC League of Super-Pets,2022,105 min,7.2,$93.66M,"Animation, Action, Adventure"
Paranormal Activity 3,2011,83 min,5.8,$104.01M,"Horror, Mystery"
Philadelphia,1993,125 min,7.7,$77.32M,Drama
The Conjuring: The Devil Made Me Do It,2021,112 min,6.3,$65.63M,"Horror, Mystery, Thriller"
Sleepy Hollow,1999,105 min,7.3,$101.07M,"Fantasy, Horror, Mystery"
The Holiday,2006,136 min,6.9,$63.22M,"Comedy, Romance"
The Jungle Book,1967,78 min,7.6,$141.84M,"Animation, Adventure, Comedy"
Nou fo,2021,126 min,6.5,$0.39M,"Action, Adventure, Crime"
London Has Fallen,2016,99 min,5.9,$62.68M,"Action, Thriller"
The Break-Up,2006,106 min,5.8,$118.70M,"Comedy, Drama, Romance"
Xi you: Xiang mo pian,2013,110 min,6.7,$0.02M,"Action, Adventure, Comedy"
The Ugly Truth,2009,96 min,6.4,$88.92M,"Comedy, Romance"
JFK,1991,189 min,8,$70.41M,"Drama, History, Thriller"
Birds of Prey and the Fantabulous Emancipation of One Harley Quinn,2020,109 min,6,$84.16M,"Action, Comedy, Crime"
White House Down,2013,131 min,6.3,$73.10M,"Action, Drama, Thriller"
A Dog's Purpose,2017,100 min,7.2,$64.51M,"Adventure, Comedy, Drama"
Gake no ue no Ponyo,2008,101 min,7.6,$15.09M,"Animation, Adventure, Comedy"
Fun with Dick and Jane,2005,90 min,6.2,$110.33M,"Comedy, Crime"
Eat Pray Love,2010,133 min,5.8,$80.57M,"Biography, Drama, Romance"
The Addams Family,2019,86 min,5.8,$100.04M,"Animation, Comedy, Family"
Ghostbusters: Afterlife,2021,124 min,7.1,$129.36M,"Adventure, Comedy, Fantasy"
You Don't Mess with the Zohan,2008,113 min,5.6,$100.02M,"Action, Comedy"
Hairspray,2007,117 min,6.7,$118.87M,"Comedy, Drama, Musical"
King Arthur,2004,126 min,6.3,$51.88M,"Action, Adventure, Drama"
Yogi Bear,2010,81 min,4.6,$100.25M,"Animation, Adventure, Comedy"
Everest,2015,121 min,7.1,$43.48M,"Action, Adventure, Biography"
Vanilla Sky,2001,136 min,6.9,$100.61M,"Fantasy, Mystery, Romance"
Arrival,2016,116 min,7.9,$100.55M,"Drama, Mystery, Sci-Fi"
Need for Speed,2014,132 min,6.4,$43.58M,"Action, Thriller"
Garfield,2004,80 min,5,$75.37M,"Animation, Adventure, Comedy"
Patch Adams,1998,115 min,6.8,$135.03M,"Biography, Comedy, Drama"
Teenage Mutant Ninja Turtles,1990,93 min,6.7,$135.27M,"Action, Adventure, Comedy"
Kindergarten Cop,1990,111 min,6.2,$91.46M,"Action, Comedy, Crime"
Straight Outta Compton,2015,147 min,7.8,$161.20M,"Biography, Drama, History"
21 Jump Street,2012,109 min,7.2,$138.45M,"Action, Comedy, Crime"
Valkyrie,2008,121 min,7.1,$83.08M,"Drama, History, Thriller"
Open Season,2006,86 min,6.1,$85.11M,"Animation, Adventure, Comedy"
Cats & Dogs,2001,87 min,5.1,$93.39M,"Action, Adventure, Comedy"
The Hunt for Red October,1990,135 min,7.5,$122.01M,"Action, Adventure, Thriller"
Percy Jackson: Sea of Monsters,2013,106 min,5.7,$68.56M,"Adventure, Family, Fantasy"
Two Weeks Notice,2002,101 min,6.1,$93.35M,"Comedy, Romance"
RED,2010,111 min,7,$90.38M,"Action, Comedy, Crime"
Chak dan juen ga 2,2020,120 min,6.6,,"Action, Crime, Thriller"
City of Angels,1998,114 min,6.7,$78.69M,"Drama, Fantasy, Romance"
The Pacifier,2005,95 min,5.6,$113.09M,"Action, Comedy, Drama"
50 First Dates,2004,99 min,6.8,$120.91M,"Comedy, Drama, Romance"
Total Recall,2012,118 min,6.2,$58.88M,"Action, Adventure, Sci-Fi"
Yi chu hao xi,2018,134 min,6.2,$0.67M,"Comedy, Drama"
Lo imposible,2012,114 min,7.5,$19.02M,"Adventure, Drama, History"
Ren zai jiong tu: Tai jiong,2012,105 min,6.2,$0.06M,"Adventure, Comedy, Drama"
Christopher Robin,2018,104 min,7.2,$99.22M,"Adventure, Comedy, Drama"
Jack the Giant Slayer,2013,114 min,6.2,$65.19M,"Action, Adventure, Fantasy"
Smurfs: The Lost Village,2017,90 min,6,$45.02M,"Animation, Adventure, Comedy"
Zhong guo yi sheng,2021,129 min,4.7,,Drama
Spy Kids 3: Game Over,2003,84 min,4.3,$111.76M,"Action, Adventure, Comedy"
Panic Room,2002,112 min,6.8,$96.40M,"Crime, Drama, Thriller"
The Other Woman,2014,109 min,6,$83.91M,"Comedy, Romance"
Stargate,1994,116 min,7,$71.57M,"Action, Adventure, Sci-Fi"
Beowulf,2007,115 min,6.3,$82.16M,"Animation, Action, Adventure"
The Vow,2012,104 min,6.8,$125.01M,"Drama, Romance"
Anger Management,2003,106 min,6.2,$135.65M,Comedy
Tropic Thunder,2008,107 min,7.1,$110.52M,"Action, Comedy, War"
The Shape of Water,2017,123 min,7.3,$63.86M,"Drama, Fantasy, Romance"
Rocketman,2019,121 min,7.3,$96.37M,"Biography, Drama, Musical"
The Pelican Brief,1993,141 min,6.6,$100.77M,"Crime, Drama, Mystery"
The BFG,2016,117 min,6.3,$55.48M,"Adventure, Family, Fantasy"
Downton Abbey,2019,122 min,7.4,$96.85M,"Drama, Romance"
The Intern,2015,121 min,7.1,$75.76M,"Comedy, Drama"
The Curse of the Were-Rabbit,2005,85 min,7.5,$56.11M,"Animation, Adventure, Comedy"
Gnomeo & Juliet,2011,84 min,5.9,$99.97M,"Animation, Adventure, Comedy"
The Sum of All Fears,2002,124 min,6.4,$118.91M,"Action, Drama, Thriller"
Gangs of New York,2002,167 min,7.5,$77.81M,"Crime, Drama"
The Post,2017,116 min,7.2,$81.90M,"Biography, Drama, History"
Xi you ji zhi: Sun Wukong san da Baigu Jing,2016,119 min,5.9,$0.71M,"Action, Adventure, Fantasy"
Paranormal Activity,2007,86 min,6.3,$107.92M,"Horror, Mystery"
Tenki no ko,2019,112 min,7.5,$7.80M,"Animation, Drama, Fantasy"
The Lego Movie 2: The Second Part,2019,107 min,6.6,$105.81M,"Animation, Action, Adventure"
The Equalizer,2014,132 min,7.2,$101.53M,"Action, Crime, Thriller"
Wu sha,2019,112 min,6.8,,"Crime, Drama, Thriller"
The Addams Family,1991,99 min,6.9,$113.50M,"Comedy, Fantasy"
The Longest Yard,2005,113 min,6.4,$158.12M,"Comedy, Crime, Sport"
The Lost City,2022,112 min,6.1,$105.34M,"Action, Adventure, Comedy"
The Santa Clause,1994,97 min,6.5,$144.83M,"Comedy, Drama, Family"
Cheaper by the Dozen,2003,98 min,5.9,$138.61M,"Comedy, Family"
The Equalizer 2,2018,121 min,6.7,$102.08M,"Action, Crime, Thriller"
Abominable,2019,97 min,7,$60.72M,"Animation, Adventure, Comedy"
Hollow Man,2000,112 min,5.8,$73.21M,"Action, Horror, Sci-Fi"
Outbreak,1995,127 min,6.6,$67.82M,"Action, Drama, Thriller"
So duk 2: Tin dei duei kuet,2019,99 min,6,$0.61M,"Action, Crime"
The X Files,1998,121 min,7,$83.90M,"Drama, Mystery, Sci-Fi"
Xin hua lu fang,2014,116 min,6.4,$0.77M,"Comedy, Drama, Romance"
Rambo III,1988,102 min,5.8,$53.72M,"Action, Adventure, Thriller"
The Secret Life of Walter Mitty,2013,114 min,7.3,$58.24M,"Adventure, Comedy, Drama"
Mou seung,2018,130 min,6.8,,"Action, Crime, Mystery"
Jaws 2,1978,116 min,5.8,$102.92M,"Adventure, Horror, Thriller"
12 Years a Slave,2013,134 min,8.1,$56.67M,"Biography, Drama, History"
Heat,1995,170 min,8.3,$67.44M,"Action, Crime, Drama"
Mr. Popper's Penguins,2011,94 min,6,$68.22M,"Comedy, Family, Fantasy"
The Grudge,2004,91 min,5.9,$110.36M,"Horror, Mystery, Thriller"
I Now Pronounce You Chuck & Larry,2007,115 min,5.9,$120.06M,"Comedy, Romance"
The Horse Whisperer,1998,169 min,6.7,$75.38M,"Drama, Romance, Western"
Walk the Line,2005,136 min,7.8,$119.52M,"Biography, Drama, Music"
Jian bing xia,2015,113 min,5.6,,Comedy
The Jungle Book 2,2003,72 min,5.3,$47.89M,"Animation, Adventure, Comedy"
The Final Destination,2009,82 min,5.1,$66.48M,"Horror, Thriller"
Atlantis: The Lost Empire,2001,95 min,6.9,$84.05M,"Animation, Action, Adventure"
Inside Man,2006,129 min,7.6,$88.51M,"Crime, Drama, Mystery"
The Waterboy,1998,90 min,6.1,$161.49M,"Comedy, Sport"
Hugo,2011,126 min,7.5,$73.86M,"Adventure, Drama, Family"
Pitch Perfect 3,2017,93 min,5.8,$104.90M,"Comedy, Music"
Watchmen,2009,162 min,7.6,$107.51M,"Action, Drama, Mystery"
The Birdcage,1996,117 min,7.2,$124.06M,Comedy
Moulin Rouge!,2001,127 min,7.6,$57.39M,"Drama, Musical, Romance"
Snow White and the Seven Dwarfs,1937,83 min,7.6,$184.93M,"Animation, Adventure, Family"
Hop,2011,95 min,5.4,$108.09M,"Animation, Adventure, Comedy"
Bad Moms,2016,100 min,6.2,$113.26M,Comedy
Jupiter Ascending,2015,127 min,5.3,$47.39M,"Action, Adventure, Sci-Fi"
Knowing,2009,121 min,6.2,$79.96M,"Action, Mystery, Sci-Fi"
102 Dalmatians,2000,100 min,4.8,$66.96M,"Adventure, Comedy, Family"
Storks,2016,87 min,6.8,$72.68M,"Animation, Adventure, Comedy"
Stand by Me Doraemon,2014,95 min,7.3,,"Animation, Comedy, Drama"
The Hitman's Bodyguard,2017,118 min,6.9,$75.47M,"Action, Comedy, Crime"
Paul Blart: Mall Cop,2009,91 min,5.2,$20.82M,"Action, Comedy, Crime"
Wayne's World,1992,94 min,7,$121.70M,"Comedy, Music"
Maverick,1994,127 min,7,$101.63M,"Action, Adventure, Comedy"
Mirror Mirror,2012,106 min,5.6,$64.94M,"Adventure, Comedy, Drama"
The Man in the Iron Mask,1998,132 min,6.5,$56.97M,"Action, Adventure, Drama"
Cape Fear,1991,128 min,7.3,$79.10M,"Crime, Thriller"
The Haunted Mansion,2003,99 min,5.1,$75.85M,"Comedy, Family, Fantasy"
Xi you ji: Da nao tian gong,2014,119 min,4.9,$0.71M,"Action, Adventure, Family"
While You Were Sleeping,1995,103 min,6.8,$81.06M,"Comedy, Drama, Romance"
The Bridges of Madison County,1995,135 min,7.6,$71.52M,"Drama, Romance"
Du cheng feng yun III,2016,113 min,2.6,,"Comedy, Drama"
Poseidon,2006,98 min,5.7,$60.67M,"Action, Adventure, Thriller"
The First Wives Club,1996,103 min,6.4,$105.49M,Comedy
Xuan ya zhi shang,2021,120 min,6.5,$0.15M,"Crime, Drama, Thriller"
Scooby-Doo 2: Monsters Unleashed,2004,93 min,5.2,$84.22M,"Adventure, Comedy, Family"
Hot Shots!,1991,84 min,6.7,$69.47M,"Action, Comedy"
Road to Perdition,2002,117 min,7.7,$104.45M,"Crime, Drama, Thriller"
Kill Bill: Vol. 1,2003,111 min,8.2,$70.10M,"Action, Crime, Drama"
The Scorpion King,2002,92 min,5.5,$91.05M,"Action, Adventure, Fantasy"
Sweet Home Alabama,2002,108 min,6.2,$127.22M,"Comedy, Romance"
Daddy's Home 2,2017,100 min,6,$104.03M,Comedy
Hacksaw Ridge,2016,139 min,8.1,$67.21M,"Biography, Drama, History"
Deja Vu,2006,126 min,7.1,$64.04M,"Action, Crime, Sci-Fi"
Dangerous Minds,1995,99 min,6.5,$84.92M,"Biography, Drama"
One Piece Film Red,2022,115 min,6.7,$12.78M,"Animation, Action, Adventure"
The Dictator,2012,83 min,6.4,$59.65M,Comedy
The League of Extraordinary Gentlemen,2003,110 min,5.8,$66.47M,"Action, Adventure, Fantasy"
Allegiant,2016,120 min,5.7,$66.18M,"Action, Adventure, Mystery"
Daredevil,2003,103 min,5.3,$102.54M,"Action, Crime"
City Slickers,1991,113 min,6.8,$124.03M,"Comedy, Western"
He's Just Not That Into You,2009,129 min,6.4,$93.95M,"Comedy, Drama, Romance"
Eagle Eye,2008,118 min,6.6,$101.11M,"Action, Mystery, Thriller"
Along Came Polly,2004,90 min,6,$88.10M,"Comedy, Romance"
Flushed Away,2006,85 min,6.6,$64.67M,"Animation, Action, Adventure"
Scary Movie 4,2006,83 min,5.1,$90.71M,Comedy
Dante's Peak,1997,108 min,6,$67.13M,"Action, Adventure, Thriller"
Brokeback Mountain,2005,134 min,7.7,$83.04M,"Drama, Romance"
Patriot Games,1992,117 min,6.8,$83.29M,"Action, Thriller"
Flubber,1997,93 min,5.3,$92.98M,"Comedy, Family, Sci-Fi"
Baywatch,2017,116 min,5.5,$58.06M,"Action, Comedy, Crime"
Double Jeopardy,1999,105 min,6.5,$116.74M,"Crime, Drama, Mystery"
War Horse,2011,146 min,7.2,$79.88M,"Action, Adventure, Drama"
Paranormal Activity 2,2010,91 min,5.7,$84.75M,"Horror, Mystery"
How to Lose a Guy in 10 Days,2003,116 min,6.4,$105.81M,"Comedy, Romance"
AVP: Alien vs. Predator,2004,101 min,5.6,$80.28M,"Action, Adventure, Horror"
Ying xiong,2002,120 min,7.9,$53.71M,"Action, Adventure, Drama"
The 40 Year Old Virgin,2005,116 min,7.1,$109.45M,"Comedy, Romance"
